study_hours,attendance,previous_score,assignments_completed,final_score
6.4,51.3,56.5,3,66.1
1.0,87.0,72.7,9,74.0
0.3,60.9,70.3,0,44.4
7.2,85.1,65.2,7,96.6
8.1,50.3,88.3,6,90.9
1.6,97.9,60.2,1,60.3
3.6,67.2,55.9,0,58.8
5.4,98.7,62.7,8,91.6
6.3,94.3,61.7,3,87.9
0.5,61.4,57.4,1,46.5
8.7,69.0,67.2,5,90.1
3.6,83.5,82.1,10,91.5
6.1,58.6,83.7,2,76.7
2.7,96.3,81.3,3,78.1
8.4,88.8,53.7,0,88.0
4.0,53.3,94.8,9,86.9
3.1,82.8,63.7,10,81.6
2.6,62.3,73.7,4,66.1
4.3,79.2,61.7,2,69.7
0.9,52.4,46.6,10,53.0
6.8,79.8,63.1,9,100
5.3,98.6,91.6,0,87.6
1.1,94.2,85.1,10,81.9
2.9,57.9,40.2,4,58.1
7.6,75.4,46.4,10,92.5
6.4,80.4,49.2,2,76.1
7.8,76.5,40.0,5,83.8
1.1,68.1,99.1,4,63.9
2.4,78.4,44.7,7,68.8
9.8,76.6,47.5,10,100
5.5,63.3,92.3,6,91.2
9.3,87.8,81.4,4,100
6.7,68.7,94.0,7,92.6
2.2,66.9,75.3,3,62.8
0.1,85.4,43.5,1,49.4
8.6,53.5,54.3,10,93.6
5.4,86.2,92.9,9,100
7.8,90.4,51.4,1,85.7
3.5,70.6,91.8,0,69.7
9.8,54.9,64.2,5,95.6
1.1,59.6,72.2,2,50.7
2.8,62.5,95.4,7,80.2
8.6,54.9,79.1,8,100
9.7,96.3,90.9,2,100
4.8,93.2,94.1,2,85.2
9.9,63.3,87.0,7,100
7.0,86.5,87.0,10,100
1.5,64.8,98.1,9,79.2
0.6,65.7,43.0,7,52.6
8.5,57.9,97.6,1,93.3
0.7,53.4,91.7,6,57.5
8.9,62.3,75.7,9,98.4
6.6,78.3,59.0,4,79.8
7.2,61.9,63.7,10,94.6
4.6,96.5,96.1,0,82.9
10.0,99.8,44.4,3,99.3
1.3,67.5,44.1,3,47.4
1.6,91.7,82.2,9,86.8
8.1,76.4,80.1,8,100
6.6,96.9,48.1,1,83.9
7.4,57.8,56.9,3,78.8
2.0,81.7,55.8,7,65.8
9.1,52.5,78.1,4,86.2
3.3,56.5,98.8,2,70.7
5.5,71.4,40.6,1,68.4
6.9,57.5,42.2,5,74.7
1.5,56.4,58.5,0,48.0
2.1,62.5,46.2,8,65.0
4.1,81.0,49.3,3,71.2
9.8,90.5,92.9,0,100
9.2,89.1,64.7,10,100
8.1,63.3,87.2,1,85.6
0.4,73.5,52.0,7,55.6
8.2,93.6,53.4,10,100
3.3,93.2,98.0,4,83.4
5.1,84.0,90.6,5,93.9
1.2,98.5,50.7,4,58.5
6.0,67.3,87.2,6,89.8
5.1,69.3,74.6,4,73.0
4.4,76.0,88.4,10,95.1
7.4,83.5,61.9,1,87.6
9.2,81.2,79.8,1,98.0
3.0,65.5,64.5,6,69.7
5.5,59.6,79.9,6,83.4
9.0,80.8,58.1,8,100
3.0,60.5,87.1,9,80.4
4.6,72.1,52.8,7,78.7
9.6,86.8,79.5,4,100
6.3,66.8,89.1,3,86.2
2.2,60.0,41.5,3,54.2
6.1,88.4,67.3,10,99.3
7.2,69.2,64.0,2,81.4
0.1,87.5,86.2,1,61.7
2.2,90.2,81.8,7,75.5
2.5,92.4,67.4,7,79.5
9.9,79.8,97.0,7,100
7.2,75.2,89.8,8,100
1.6,93.1,67.0,3,69.3
2.8,88.9,69.1,3,68.2
0.8,64.3,56.3,5,56.9
